{"_step":0,"round":1,"mean_elite_score":4.580540775198352e-15,"age_mean":29.109703744896798,"age_std":5.844098687467806,"_wandb":{"runtime":1222},"_runtime":1222,"_timestamp":1.774044457386619e+09}